Day- Ahead Market Demand for year of 2014,,,,,,,,,,,,,,,,,,,,,,,,
,,,,,,,,,,,,,,,,,,,,,,,,
,,,,,,,,,,,,,,,,,,,,,,,,
Start of Day Ahead Demand Data,,,,,,,,,,,,,,,,,,,,,,,,
Date,100,200,300,400,500,600,700,800,900,1000,1100,1200,1300,1400,1500,1600,1700,1800,1900,2000,2100,2200,2300,2400
1/1/2014,86317,83868,82373,81865,82467,84614,87847,90557,91511,92236,91889,90831,89312,87958,86655,86775,90220,98241,98781,98636,97686,95149,91070,86019
1/2/2014,83129,80581,79585,79793,81413,86484,94719,101742,103370,104076,103986,102810,101449,100442,99199,99135,102112,110194,112175,110689,110108,106477,100738,94753
1/3/2014,95010,93258,92883,93827,96610,101768,111078,116950,116333,116224,115337,113204,111442,110005,108689,108339,111030,118073,120271,118735,117215,113837,108562,103382
1/4/2014,100451,98008,97000,96623,97303,99668,103271,107169,108905,108305,106946,103428,100075,97416,95552,95205,97888,105183,107694,105857,104555,102285,98268,93727
1/5/2014,88643,86303,84854,84461,84953,86442,88363,91336,93712,95147,95013,94055,92751,91365,90099,90497,93493,100587,102009,100794,99482,96384,91664,86870
1/6/2014,85874,84443,84135,84651,87256,92729,101882,107288,108578,109531,110278,110263,109481,109280,108709,108805,111804,120266,123423,124273,123776,121826,117108,111449
1/7/2014,110513,109540,109191,110315,113044,119132,129931,134588,134357,133203,131935,129485,127438,125476,123943,123355,125812,133805,135387,134954,133300,128145,121254,114867
1/8/2014,110565,109384,108622,109441,111426,116921,126024,127932,127869,125062,121982,118867,116109,113913,112233,112053,114092,121617,123850,123135,121247,117172,111329,104575
1/9/2014,99449,97240,95930,95859,98090,102764,111867,115225,113983,112459,110807,108431,105712,103842,102379,102204,104091,111288,113788,112625,111099,107416,101557,96308
1/10/2014,90900,88161,87178,86876,88482,92932,102610,106633,106239,105352,104872,103077,100718,99653,97904,97301,99161,105361,105310,103103,100879,96835,91764,86077
1/11/2014,78414,75538,73462,72296,72263,74020,76952,80805,84996,87667,88211,87652,85824,84073,83058,82923,85286,90874,92301,91237,90100,87316,83388,78211
1/12/2014,76009,73932,72663,72403,72946,74651,77372,80895,83593,85600,85522,84898,84423,82912,81858,82089,85048,92991,94546,94252,93932,90626,86617,82397
1/13/2014,79596,77829,76988,77423,79491,84969,94893,99445,98765,97564,97229,95923,93916,92902,91914,91493,94280,100393,101305,99789,98289,94995,89579,83751
1/14/2014,77495,75322,74047,73942,75787,80918,90818,96310,96933,97864,98192,97238,95694,94307,93533,93306,95232,102988,103581,102143,100364,97054,91557,85322
1/15/2014,82961,80627,79973,79900,82141,88334,98839,103641,102404,101464,101103,100101,98764,97767,96869,96807,99594,106963,108609,107530,106285,102765,97329,91443
1/16/2014,86744,84748,84114,84463,86642,92457,102633,107317,107538,106583,105200,102897,101219,99444,98594,98303,100911,108308,110670,109137,107660,104096,97945,92362
1/17/2014,90370,88023,87117,87364,89625,95666,104665,108934,108355,106148,104889,102875,101422,100193,99270,99236,101622,107385,109628,108169,106515,103315,98471,93233
1/18/2014,89194,87137,86274,86412,87413,90033,94216,98727,101723,103337,103620,102279,100213,97669,96102,95776,98536,105848,107242,106270,105071,102151,97808,93096
1/19/2014,87855,86026,84613,84290,84631,85995,88791,91965,94267,95402,94497,93501,92301,90372,88868,88685,92588,99874,101982,101349,100300,97085,92487,87657
1/20/2014,84631,83223,82450,82633,84699,88745,97280,102577,103712,104098,103184,102277,99591,98004,96806,96956,100126,107427,109554,108177,107209,104241,99166,92904
1/21/2014,91369,89590,89263,89827,92318,97328,107824,114539,115409,115737,116546,116116,115319,114988,114679,115012,118168,125264,127888,126626,125019,121479,115363,108571
1/22/2014,106935,106099,105801,106634,109466,115598,123353,130882,130728,129300,127469,124992,123262,121595,119965,120253,122994,130063,132320,131604,129840,125492,119223,111439
1/23/2014,108143,107114,106740,107216,109212,114475,123030,129880,129886,127971,125710,123275,121738,119980,118883,118948,122297,128581,132430,132206,130164,126051,119933,113657
1/24/2014,109800,108306,108095,108688,111028,116411,124359,129494,129383,128027,126422,123536,120999,118271,116877,116600,118893,124618,127434,126134,124080,119634,113740,108039
1/25/2014,102638,99992,98809,98185,98389,100364,103846,106604,108772,109520,109762,108332,105765,103322,101787,101674,103624,108954,111870,111431,110218,107631,103887,100726
1/26/2014,100451,98802,98153,98191,99006,101250,104895,107970,109761,109834,108366,106616,104460,102377,100956,100921,103059,109248,112577,111616,109903,106379,101632,96677
1/27/2014,92939,90928,90361,90986,93361,98697,107358,113110,114232,114855,114449,113588,112889,111789,110877,111225,114229,119859,124474,124718,124247,121154,116317,110916
1/28/2014,109289,108581,108292,108769,111346,116851,124937,130185,131450,130606,129542,127857,126118,124637,123592,123384,124875,130444,132122,132162,131498,127100,120838,114209
1/29/2014,108591,107182,106813,107158,109144,114374,122759,127599,127731,125807,123468,120729,118418,116453,115370,114913,116900,123314,127516,127394,125747,121781,115813,109686
1/30/2014,109954,108395,107800,108395,110315,115495,124678,127753,125517,122617,118894,115551,112752,110434,108648,108342,110203,116098,119426,118843,117330,113133,107943,102905
1/31/2014,99844,97838,96836,96833,98779,103443,112835,115676,113988,111842,109434,106295,103811,101957,100304,99626,101266,106129,109220,107841,106084,103645,98935,94018
2/1/2014,90229,88088,87096,86865,87539,89770,93452,96047,98182,98420,96675,94488,91845,89281,87445,86898,88455,93765,97895,96476,95113,92494,88544,84031
2/2/2014,79483,77451,76171,75824,76362,77994,81840,85165,87277,88698,88758,87668,86967,85629,84993,85148,87439,93779,96087,96058,95413,94130,91336,87173
2/3/2014,83012,81806,81299,81950,84209,89516,98924,104547,105720,106555,106251,105184,103783,103018,102163,101929,103837,109913,112997,112345,110451,106667,100969,95531
2/4/2014,91640,89547,89131,89599,91562,97433,108034,111641,110875,109516,108074,105985,103856,102567,101602,101250,102966,107958,111922,110732,108668,104769,99085,92048
2/5/2014,88155,86382,85268,85364,86859,92013,101706,107028,107078,106905,106666,104754,103197,101406,99767,99634,101049,106365,110655,109754,108584,105526,100583,94411
2/6/2014,91663,90035,89911,90735,93335,99464,109463,114843,114593,112774,111132,109380,107695,106198,104896,104783,106483,112698,117368,116692,115480,111812,106122,100480
2/7/2014,98738,97384,96619,97086,99358,104762,114847,118642,117485,115571,113327,110465,107785,106022,104649,103910,105398,110606,114736,113924,112688,109676,105122,100492
2/8/2014,95645,93531,92580,92365,93192,95177,98497,101348,104129,105768,105560,104169,101558,99070,96889,96310,97784,103363,106850,105239,103517,100838,97418,93450
2/9/2014,90975,88948,87982,87870,88341,90071,93143,95465,97270,98541,98480,97087,95560,93628,92264,92041,93953,99503,103860,102910,101487,98767,95098,91819
2/10/2014,91173,89757,89590,90425,92863,98814,108865,114405,114145,113281,111908,110165,108582,107255,105961,105686,107525,113639,118947,119133,118220,114317,109225,103318
2/11/2014,101905,100767,100457,101259,103384,109060,118776,122561,121897,119963,117588,114780,112415,110640,108828,108439,110123,116199,122283,122618,121466,117916,112031,105997
2/12/2014,103315,102077,101829,102613,104407,110663,120846,123206,121407,118871,115962,112861,110090,108265,107176,106580,107896,113041,118166,117799,115585,111575,106597,100579
2/13/2014,95918,93954,93011,93119,94671,99048,107257,112462,112639,112096,111745,110499,108441,106920,104931,103945,105015,109743,113218,112665,110687,106651,101479,95930
2/14/2014,92344,90113,89269,89400,91335,96202,105218,110217,109682,108259,106382,104591,103093,101533,99880,99342,100564,104902,109310,108161,106638,103374,98776,93909
2/15/2014,89258,87256,86290,86249,86931,89458,93039,96346,99600,101745,102149,101004,99064,96909,95392,95069,96768,102593,107994,107836,105711,103447,99890,95636
2/16/2014,92511,90737,90057,89915,90432,92665,96373,99152,101447,101921,100143,98363,96958,94911,92982,93200,95135,101621,107183,107096,106275,103275,99234,95407
2/17/2014,93178,91956,91606,92487,95184,99900,108959,112566,113288,112301,110874,108244,106302,104768,103291,102898,104291,109144,113587,112854,110892,106589,100452,94310
2/18/2014,90558,88335,87194,87169,88535,93601,102531,106273,106401,104766,103533,101437,99648,97579,96126,95447,96695,100634,106656,105452,103593,99938,94797,88956
2/19/2014,83393,81485,80448,80521,82309,87813,97675,101455,101005,99622,98783,96865,95064,93463,91818,91243,92475,96722,101942,101582,100104,96699,91869,86098
2/20/2014,81317,79627,78699,78942,80925,86520,95620,98978,98611,97386,97078,95391,93732,92829,91779,90941,92334,95191,99816,99615,97172,93486,88162,82096
2/21/2014,75554,73556,72394,72308,73803,78479,89177,93085,93634,93787,93906,92949,91952,91271,90346,89723,90503,93869,97929,97350,95801,92425,87777,82918
2/22/2014,79632,77923,77102,76952,77827,80177,83277,85802,87723,88964,88184,86599,84460,82270,80530,79755,81386,85091,90303,90537,89359,86919,83367,79041
2/23/2014,76370,74458,73324,73144,73885,75792,78560,81308,83982,85153,84668,83917,82917,81943,81166,81358,83189,87677,94149,94265,92815,90686,87020,82896
2/24/2014,81470,79869,79687,80503,83057,88488,99892,104101,104877,104553,104163,102671,101314,100409,99026,98705,100290,104601,110532,110216,108867,106051,100504,93873
2/25/2014,89945,88155,87945,88364,90664,96740,108027,110846,111117,109671,108759,106861,104848,103525,101954,101780,103335,107769,114129,113972,112705,108633,102468,96088
2/26/2014,93598,91913,91300,91605,93814,99641,109547,112948,112824,111956,111583,109818,108054,106662,105333,105180,106728,111368,118592,118675,117156,113565,107679,101581
2/27/2014,100561,99054,98565,98983,101491,106892,117185,119013,118381,115984,113260,110900,108772,106548,105405,105327,106868,111822,119484,119129,118331,115387,110498,105133
2/28/2014,102596,101092,100848,101941,103977,111353,119457,121720,119553,118007,115834,112855,109693,107045,104945,104061,104952,109714,115963,115702,113999,110298,105482,99984
3/1/2014,95133,93496,92614,92631,93258,95714,98922,101214,102351,101659,100017,96755,94319,91823,89703,89076,89933,93514,98795,99629,98159,95443,91603,87397
3/2/2014,84089,82386,81514,81325,81931,83763,86425,88996,91018,92293,91917,91283,90082,88829,88246,88144,89914,93967,100266,101413,100158,97708,93933,89231
3/3/2014,89432,88497,88339,89553,92226,98103,106826,112176,113426,114181,114499,114042,113224,112096,111254,110298,111732,116452,121105,121281,120039,116803,112603,107823
3/4/2014,105038,103739,103613,104457,106764,113256,121700,123611,122596,118299,114818,111401,108720,106551,104727,104103,104802,108855,114880,115941,114840,111166,106178,100603
3/5/2014,96298,95489,95089,95618,97490,103548,111824,113898,111748,109288,107563,105019,102680,100663,98939,98376,99509,103380,109360,110673,108940,105843,101312,95710
3/6/2014,95823,94852,94025,94614,96816,103170,112281,114091,113310,111196,108870,106243,104125,102274,100627,99550,100558,104033,110359,111369,109740,105787,100705,95375
3/7/2014,91899,89966,88915,89543,91115,96445,105286,107609,107316,105850,104566,102373,99955,98204,96494,95321,95327,97536,102378,102768,101184,98541,93821,88503
3/8/2014,85567,84025,83034,82727,83201,85337,88572,90425,92166,92207,90896,89158,86609,84416,82991,82288,83180,86028,91174,92466,91358,89166,85437,82258
3/9/2014,78861,75882,,75760,76761,78786,81696,84250,86761,88021,87728,86981,85623,84132,82839,82422,83428,86093,88774,93845,94903,91263,87045,82921
3/10/2014,79502,77444,76662,77554,79871,85447,95799,99879,98629,97311,95991,93923,91747,90206,88597,87945,88278,89237,91396,95438,95401,91638,86434,80250
3/11/2014,73569,71410,70858,70822,72570,77794,86965,93321,92098,91296,90808,89644,88342,87589,86396,85959,85893,87195,88585,92059,93596,88838,83586,77613
3/12/2014,73185,71182,70857,71008,72609,77648,87405,93405,93095,93055,93445,93077,92329,91841,91142,90831,91572,93256,95414,99264,99919,96738,92772,88221
3/13/2014,86752,85214,85685,86785,89470,95880,106274,110887,109590,108603,107923,106730,103842,102421,101028,100579,101017,103208,105794,110132,110568,107561,101323,95619
3/14/2014,90536,89047,88477,89175,91217,96972,105592,108497,106029,102663,99904,96177,93527,91308,89305,87751,86732,87191,89190,92100,92553,90160,86147,81711
3/15/2014,75602,73303,72302,72209,72926,74795,78606,81633,83754,84390,84429,83111,81211,79015,77240,76261,76551,77519,79985,83806,85198,82964,79988,76306
3/16/2014,74351,72504,71731,71914,72966,74864,77595,81624,84397,86745,87051,86704,85764,84478,83283,82384,83438,86216,89400,95641,97310,93621,89376,84954
3/17/2014,84012,82581,82379,83333,85925,90997,101175,107723,107055,106803,106800,104992,102981,101358,99323,98371,98612,99893,102851,106987,107482,102389,96768,90520
3/18/2014,88074,86204,85629,86104,87791,93753,103862,107919,105351,104295,103046,100832,98693,96918,95171,93673,93509,94282,96661,100889,101816,96964,91454,86154
3/19/2014,81136,79329,78512,78551,79996,84695,94798,99438,99677,99024,99135,97386,95828,94368,92279,90864,90743,91484,93597,96592,97466,93070,87746,82550
3/20/2014,77551,75365,74621,74804,76683,81824,92439,96769,95126,93935,93537,91983,90037,88840,87445,86036,86118,87201,88568,92514,93622,90678,86111,81105
3/21/2014,78862,75828,75025,75282,77430,83153,93253,97963,95718,94103,92725,90839,88924,87115,85294,83664,83063,83898,84708,87511,88777,86221,81319,75989
3/22/2014,72167,70564,69087,68541,69023,70625,74285,78028,80744,82439,82758,81939,80145,78346,76930,76000,76164,76751,78580,82116,84026,81955,79239,75201
3/23/2014,72488,69564,68440,68687,69702,71614,74657,78077,81561,84359,84930,84453,83591,82517,81024,80440,81357,83484,86612,92945,95372,92418,88603,84665
3/24/2014,83045,81384,81255,82224,84567,90145,101918,107319,106155,105129,104382,101329,98929,97050,95222,94186,94305,95325,97178,102676,103544,99946,95094,88855
3/25/2014,85582,83935,83085,83410,85018,90190,100770,104487,104727,104657,104203,103001,101137,99468,97905,96630,96842,97812,99779,103904,104434,101068,95322,89833
3/26/2014,86991,85594,85355,85943,88527,94951,104969,108549,107478,105816,104606,102133,99406,97678,95924,94507,94705,95851,98405,102760,105196,102123,96712,91316
3/27/2014,89037,87871,87419,87609,89734,95490,105180,107419,105406,102237,100689,98109,95455,93526,91641,90135,89602,90189,91121,94724,97117,93914,88476,82849
3/28/2014,77457,75445,74746,74395,76030,80243,89675,93786,93176,92815,92501,91124,89297,87356,85902,84929,84015,83424,83743,86525,87843,85855,81229,76705
3/29/2014,73143,69670,68864,68408,69004,71017,74517,77887,80990,84284,85745,85412,84225,82404,80642,79761,79924,80737,81503,84755,86859,83900,80656,76470
3/30/2014,72058,69423,68326,67885,68367,69658,72206,75510,78890,81568,83128,82554,81540,80336,79278,78700,79192,80840,82174,86374,88394,86796,82587,78181
3/31/2014,75820,73727,73472,74031,76123,81008,92289,94671,94400,93851,93314,90924,88711,87058,85509,84384,84015,84469,85458,89117,91754,88750,83179,77713
4/1/2014,73261,71475,71205,71417,73257,78758,89691,92644,92312,91856,91276,89238,88077,87243,85919,84988,84632,84855,85197,88069,90645,88617,82072,75923
4/2/2014,70946,67876,66681,66703,68464,73549,83587,87366,87480,87443,88181,87837,87180,86738,85778,85483,85209,85404,84152,87224,90097,86823,80836,74743
4/3/2014,70109,67957,67058,66888,68549,73536,83037,88154,89367,89416,89888,89686,88886,88175,87401,86610,86739,86814,86287,89698,91706,88080,82015,75707
4/4/2014,69447,66899,66239,65968,67717,72344,82170,85976,87340,88417,89683,89689,88813,87997,86668,85880,85299,85291,84548,86748,89847,85447,80356,75329
4/5/2014,70359,67358,66151,65694,66303,68059,71348,75248,78411,81066,81688,80885,78897,77124,75454,74510,74238,75154,76229,80120,83648,81939,77305,73249
4/6/2014,71645,69961,68825,68782,69504,71190,73520,76059,78648,80004,79464,77893,76349,75121,73375,72727,72988,74361,76402,80806,84686,81928,77373,72441
4/7/2014,69749,68022,67210,67516,69414,74951,86035,90453,91047,91661,92395,91570,91116,90432,88899,87973,88221,88055,88119,90865,93118,88235,81898,75934
4/8/2014,70793,68385,67350,67279,68812,73545,84032,87805,88462,88718,89140,88331,87560,86683,85461,84285,83842,84056,84461,87065,90328,88479,81615,75930
4/9/2014,72639,70651,70197,70519,72185,77578,88786,90980,90953,90322,90151,89089,87936,87011,85901,84603,84424,84677,85499,88142,91500,88904,83242,77932
4/10/2014,71816,70218,69363,69481,71443,76882,88292,90078,89567,88296,87998,87324,86488,85766,84849,84050,83712,83445,83025,85235,88124,85571,79422,74139
4/11/2014,69099,66948,65418,65165,66586,71345,81489,85644,86845,87331,88422,87802,87246,86890,86379,85486,84842,84013,82459,84581,87240,84675,78850,73087
4/12/2014,67894,64148,62718,62115,62367,63782,66649,70195,73775,76176,77344,77594,77197,76413,75781,75552,75456,75912,75903,78302,81476,79219,74709,70232
4/13/2014,64935,62397,60443,59713,59410,60243,61924,65088,69233,72496,75082,76484,77153,77309,77467,78270,79101,79820,79793,82663,85527,83168,77347,71880
4/14/2014,66776,64326,63310,62780,64208,68827,77936,82900,84760,86835,88168,89931,89841,89729,89603,89206,88787,87784,86967,89068,91759,88125,82267,76500
4/15/2014,70481,68072,66998,66777,68327,73410,83508,87227,88800,89508,92243,92304,91623,91216,90614,89415,89392,89326,89360,91936,95939,93673,87084,81813
4/16/2014,81004,78076,77403,78041,80700,87027,97948,100419,99412,98418,96532,94364,92571,91448,90004,88583,88203,88468,89290,92294,96208,93906,88444,82909
4/17/2014,77558,76181,75620,76007,77691,83248,92343,94980,94412,92568,91575,89802,88047,86850,85082,83759,83057,82971,83182,85967,89950,88632,83776,78069
4/18/2014,71375,69737,68725,68771,70310,73995,81782,85324,86260,86431,86200,84807,83225,82071,80854,79405,78917,78365,77871,80386,83847,82774,78387,73208
4/19/2014,68263,65472,64054,63722,64230,65655,68408,71432,74851,76766,76771,75784,74349,72632,71474,71119,71117,71468,71567,74888,79117,77204,73037,68536
4/20/2014,63594,61905,60643,60276,60621,62062,63755,66208,69731,71241,71730,70812,70240,69334,68296,67539,68148,68947,70146,73568,78306,77381,73163,68842
4/21/2014,65623,63369,62525,62838,64684,69523,78378,83753,84310,84933,85420,85038,84933,84926,84073,83294,83179,82685,82426,83995,87499,85044,78273,72071
4/22/2014,65153,63347,62056,61599,63346,68071,76678,80170,81564,82121,83155,83582,83644,83964,82922,82127,81843,81024,80619,82055,85760,83845,77488,72135
4/23/2014,66504,64640,64031,63899,65523,70523,79933,83944,84960,85337,85384,84491,83208,82668,81533,81120,81123,81160,81155,82603,86378,85442,78987,73729
4/24/2014,69177,67080,66346,66628,68563,73480,83524,86121,86156,85936,86005,84984,83775,82811,81764,81343,80934,80726,80287,81426,85547,83931,78303,72549
4/25/2014,67409,65234,64278,64072,65751,70004,78868,82833,83827,83874,85485,84387,84009,83525,82690,81798,81686,81156,79653,80758,84175,81352,75745,69679
4/26/2014,64270,61749,60097,59454,59807,61491,64054,68023,71534,73864,75369,75278,74827,73887,73179,73048,73295,73555,73254,75230,78359,76937,72477,67422
4/27/2014,63517,60781,59367,58831,59130,60153,62005,65113,68269,70798,71565,71415,71361,70706,70014,69827,70491,71502,71868,74495,78601,77576,72564,68007
4/28/2014,63636,61789,60969,61194,62792,67995,76173,81141,83069,84521,84615,84779,84261,83784,83327,82580,82178,81491,81527,82531,85582,83761,77183,71617
4/29/2014,65183,62368,61084,60971,62132,66761,75852,80009,81849,83409,84566,84773,84167,83542,83188,82395,82153,81578,80819,82314,84421,82932,76630,70456
4/30/2014,65725,63234,61690,61397,62585,67571,75671,79224,81386,83311,84520,84465,84054,83532,83238,82680,82615,82082,81353,81787,85264,84201,76511,71168
5/1/2014,65290,63334,62101,61914,63484,68117,77040,81025,82395,83976,85225,85589,85574,85400,84580,83550,82884,81922,81489,81665,84697,83005,76605,71278
5/2/2014,65036,63097,61727,61512,62867,67550,76163,79308,81236,82282,83048,82366,82283,81474,80478,79221,78340,77825,76986,77120,79769,78584,73270,69772
5/3/2014,63310,61139,59371,58890,59379,61070,63823,67600,71557,73590,74233,74357,73900,73265,72277,71837,72096,72291,72121,73065,76409,75260,70889,66073
5/4/2014,61172,58924,57346,56589,56716,57847,59140,62317,66637,69488,71053,71699,72118,71711,71320,71632,72323,73026,73161,74513,77447,76617,72177,67356
5/5/2014,62878,60928,60035,59987,61942,66620,75432,79588,81096,81800,83033,82693,82324,81859,81170,80494,80390,80179,80117,80513,83375,82045,75892,70335
5/6/2014,63207,61768,60692,60404,62369,67429,75772,79151,79981,80883,82489,82629,82612,82312,82048,81519,81042,80907,80112,80634,83597,81650,75665,69578
5/7/2014,63463,61619,60712,60249,61852,66758,75176,79475,80600,81597,83368,83933,84387,84766,85260,85712,86007,85816,84526,84964,87662,85657,78109,72276
5/8/2014,67461,64461,62787,62141,63221,68035,76017,80652,82666,85144,88424,90284,92955,94485,95116,95513,96210,96462,95200,93756,96588,93386,83871,76988
5/9/2014,70950,66862,64554,63585,64370,68689,76751,81895,84397,86653,89759,91541,92777,94816,95284,95657,95733,94802,91448,89803,91672,88862,82115,74685
5/10/2014,68022,65014,62905,61399,61140,62364,64549,68358,73980,77322,79764,81078,81965,82320,82317,82404,83077,82627,81806,81249,83770,81840,76944,71002
5/11/2014,64339,61136,59129,57744,57410,57800,58444,62026,67458,71066,73738,76109,78153,79463,80496,81915,83532,84294,83636,83076,86342,84186,78095,71623
5/12/2014,66964,63979,62381,61789,62852,67571,75270,81606,86601,89857,94251,97757,101916,105045,107073,107501,107516,106671,103464,101526,103435,99252,89303,81004
5/13/2014,73720,70229,68052,66918,67547,71397,78786,84566,89016,92262,96507,99388,101221,102503,103132,103788,103992,101696,98761,96577,98765,95533,86213,78211
5/14/2014,71080,67932,66266,64872,65956,69849,77974,83362,85890,88484,91280,92164,93140,93815,94262,94574,94708,93657,91870,90864,93103,90078,83430,75697
5/15/2014,70378,67274,65215,64344,65070,69566,77293,83091,85861,87923,90620,92456,92837,93167,93406,93191,92846,91157,89047,88059,91076,88874,81973,74866
5/16/2014,69179,65614,63673,63356,64443,68581,76723,82263,84547,85843,86062,86317,85776,84661,83737,82853,82381,81679,80277,80286,82602,82088,76016,70490
5/17/2014,64997,62344,60438,58997,59424,61159,63112,67892,72596,75061,75779,75515,74871,73945,73211,72913,73032,73072,72926,73408,76877,76810,71989,67157
5/18/2014,63018,60532,58700,57317,57675,58772,60550,64252,69035,71171,71500,71735,71983,71369,71080,71143,71550,72287,72734,73431,78009,77432,72489,67221
5/19/2014,63387,61138,59439,59220,60772,66009,74531,79029,81023,82462,84012,84342,84537,84569,84265,84049,84256,83701,82114,82267,85546,83580,77044,70985
5/20/2014,64970,62735,61039,60291,61982,66627,74834,80006,82050,83695,85773,86970,87936,89422,90069,90550,90911,90732,88839,87634,90669,88929,80870,74267
5/21/2014,69306,65654,63503,62632,63770,68088,75887,81969,85001,87977,89934,92178,93826,94731,95673,95893,95700,95509,93518,92168,95004,93081,83898,76824
5/22/2014,70828,67809,65437,64164,64887,68623,76611,83230,85784,88710,91667,93575,94782,96162,96777,96976,97118,96117,92478,90887,92587,90694,82967,75014
5/23/2014,68552,65634,63697,62539,63736,67326,74192,79265,81855,83844,86025,87041,87749,88215,88205,87841,87595,86331,83724,82447,83819,82766,77339,72377
5/24/2014,64794,61385,58936,57547,57736,58420,60121,65056,70511,73782,75676,76669,77367,77388,77396,77982,78709,79680,78914,78133,80052,80193,74661,69212
5/25/2014,60750,57455,55859,54627,54357,54422,55287,58824,65102,69343,72001,74031,76492,77791,78809,80293,82110,82904,82263,81336,83376,83358,77426,72109
5/26/2014,65244,61859,59054,57669,57072,57254,58460,62651,68149,73471,78255,82918,86464,88618,91608,93086,94262,94831,93339,91054,94409,93547,83957,76935
5/27/2014,72259,68509,66421,65444,66201,70632,78632,85487,91124,95665,101039,104842,107433,109602,110588,110977,110941,110264,106150,103068,104616,102109,92584,82597
5/28/2014,77495,73863,71324,69824,70406,74195,82787,89869,92955,96126,99638,101315,102490,103606,103825,103678,103837,102357,98991,96864,97777,96422,88979,80450
5/29/2014,73352,69353,67280,65721,66883,70386,78407,83524,86194,88785,90794,92102,93208,93875,94344,94499,94694,93769,91837,90732,91821,90986,84311,77651
5/30/2014,69566,65987,64354,63349,64595,68162,75645,82209,85066,87781,90702,92280,92651,93534,94162,94770,95479,94319,91912,90086,91299,89628,83385,76295
5/31/2014,67309,63669,61185,59779,59598,60652,61698,66047,72256,76781,81049,83250,84717,85572,86051,87774,88444,88651,87017,84646,86570,86010,78720,72613
6/1/2014,64992,61896,59424,58124,57645,57842,57931,62076,68973,74214,78745,81945,84296,86631,88621,90571,91337,91929,90563,88521,90420,90132,82632,75583
6/2/2014,70813,67368,65153,64508,65670,69880,77269,84796,89997,93898,97521,99699,102585,105851,107724,108471,108937,108318,105648,102199,102850,101187,92411,83552
6/3/2014,75530,71065,68743,67816,68193,71944,79018,86986,91771,96912,101354,105353,108278,111240,113325,114459,114734,113324,110029,106744,106681,104561,95606,85837
6/4/2014,77346,72957,70217,68294,69140,72871,79568,86269,90661,94742,99467,102842,104707,106887,108458,108844,108886,107902,104864,101763,101602,99776,91477,82382
6/5/2014,74935,70620,68020,67129,67900,71373,78012,85223,88683,91665,94018,96211,98197,99265,100036,100389,100436,98910,95906,93783,94141,92640,85978,77802
6/6/2014,69382,65923,63192,62351,63450,66440,73118,80235,84760,88237,91028,92613,94789,96816,98655,99297,99559,98798,96014,92364,91743,90936,84781,76411
6/7/2014,68462,64614,61940,60640,60497,61074,61850,67113,74278,79424,83650,86522,89196,91843,93655,96170,97097,97135,94693,91081,90881,89999,84120,76451
6/8/2014,69045,64993,62224,60816,60667,60578,61133,64713,70671,76702,81716,85264,87823,89999,92144,93546,94946,95066,92395,90168,90822,90524,83883,76967
6/9/2014,69446,67206,65801,64822,65716,69141,75579,83012,87297,90684,94724,96865,99124,100998,102656,103232,103600,102957,101152,98584,97813,96405,89617,81266
6/10/2014,74100,70499,68394,66862,67352,71106,77701,84534,88861,93709,98647,101719,104791,107583,108883,109803,110165,109475,106530,103245,102028,100520,92791,84507
6/11/2014,77691,74269,71795,70484,70781,74124,80785,87769,91711,95646,100346,103093,105937,108421,109243,109802,110045,108794,105547,102850,102186,100295,92159,84060
6/12/2014,75970,72697,70129,68884,69465,73061,79616,86134,90130,94106,98116,100448,102972,105094,106770,107268,107774,107025,103560,101468,100703,99791,91880,84019
6/13/2014,73895,69825,67234,66494,67014,69887,76743,83971,88666,92283,96311,99187,101158,103021,104293,104747,104789,103718,100632,97236,95809,94825,87148,79132
6/14/2014,69854,66678,63675,61822,61487,61968,63205,68428,74235,78361,81767,84257,86224,87117,88553,90485,91733,91914,89689,87426,86595,86381,80109,73368
6/15/2014,64204,60681,57900,57782,57611,57188,57821,60450,67658,73997,77860,81949,85427,88297,90914,93790,97234,97983,96303,93889,93534,93506,85849,78693
6/16/2014,72031,68203,65927,64684,65642,69210,76011,84421,91007,96358,101856,106855,110822,114763,117831,119242,119533,118967,116040,111925,110166,108910,99188,89960
6/17/2014,84416,79594,76133,74313,74693,78372,84931,93339,100142,106507,113899,120310,125811,130135,133021,134270,134829,133459,129460,125415,122245,120937,109990,99515
6/18/2014,93558,88234,84485,81985,81761,85126,90843,99184,105761,112605,121853,128171,134200,137332,139015,139571,139364,137960,134722,129743,128653,125461,113848,102567
6/19/2014,91176,85534,82316,80086,80141,83168,89021,96593,101376,106840,112345,117672,120924,123251,124860,125681,125588,124684,121269,116135,114745,111777,102571,93912
6/20/2014,80711,75948,73276,71523,71702,74344,80352,87821,92802,97227,101816,105795,108878,111075,112683,113908,113974,113097,109813,105688,103310,101441,94913,86293
6/21/2014,76156,71722,67236,65014,64296,64467,65392,71119,78434,83521,87710,90240,92327,93668,95322,96259,97228,97291,95504,92876,91847,91481,86195,78738
6/22/2014,71643,66762,63702,61626,60997,60424,60744,64494,72788,79876,84817,89029,92318,94959,97058,99200,100945,101780,100352,98068,97318,97527,90319,82144
6/23/2014,75878,72115,69428,68049,68793,72478,77968,85802,92499,98040,104984,108751,112997,116001,118549,119791,120273,119959,116214,112266,110808,109490,100236,90609
6/24/2014,82472,77391,74318,72582,72834,76097,82936,90285,96551,101661,107427,111889,115393,118142,120142,121144,121396,120526,117115,112908,111382,110428,101440,92456
6/25/2014,85793,80136,76683,74690,74863,78182,84650,91914,96996,102264,107465,111676,114232,117315,119181,119789,119761,118724,115075,111698,109643,108956,100402,91948
6/26/2014,83254,78162,75151,73182,73109,76570,83519,90373,95410,100106,105186,108835,112750,115854,117455,118449,118831,117595,114339,110798,108578,108166,99995,90674
6/27/2014,83004,77901,74732,72980,72789,76033,81775,88902,94112,98852,104059,108160,111974,116169,118570,119212,119186,117676,111859,107824,105604,104051,97380,88595
6/28/2014,81199,76175,72770,70336,69238,69564,71071,76089,83187,89707,95518,100086,103758,106250,107951,109579,109963,109687,105521,102631,100912,100002,93186,85524
6/29/2014,78982,74286,70900,68533,67176,66369,67128,71609,78488,85245,91720,97114,101193,104221,106997,108796,109665,109858,105885,102658,101700,101831,94525,87034
6/30/2014,80924,76346,73470,71929,72298,76052,82930,90853,97718,103630,111119,115750,120290,125094,127360,129215,129700,129006,124280,119595,117976,116695,105921,95898
7/1/2014,90764,85147,81689,79394,79320,85401,88978,97023,103869,110356,118140,124131,129664,133600,135150,136685,137142,136023,133022,127190,126855,124139,112937,102744
7/2/2014,91552,85856,82189,79779,79434,82183,88537,95960,103124,110046,118046,122858,126852,129674,130610,130867,130872,129905,126098,121540,119772,117076,107146,97990
7/3/2014,89226,83442,79707,77589,77016,80084,86692,93359,98752,105105,110599,113606,115872,118180,118809,118975,118969,116922,113182,109468,107793,105461,97887,89136
7/4/2014,78327,73330,69655,67215,66029,66312,66695,70453,76381,80976,84999,87743,89826,91607,92636,94349,95419,95632,93534,91059,89632,87845,82946,76387
7/5/2014,69101,65187,62662,60938,60993,61037,61287,64617,71142,77379,82989,86262,88770,91033,93383,96317,97932,97966,95832,93003,91587,90752,85162,77642
7/6/2014,67835,63584,61069,60948,61015,61301,61225,62231,70633,77464,83463,88755,93248,97126,100246,104234,105971,106256,105201,101844,100730,101051,93069,85247
7/7/2014,79518,74888,72175,70658,71296,74538,80688,89588,96852,103806,112079,117975,122888,127138,129374,131028,131127,130762,127626,121750,120568,118139,108113,97430
7/8/2014,89182,84228,80427,78184,77978,81552,87125,95511,102837,110277,117114,122126,126342,129261,130226,131087,131604,130070,126152,121638,120409,117540,108702,98348
7/9/2014,89011,83968,80515,78533,78333,81032,87461,94550,99942,105887,112163,115835,118413,121439,122751,123333,123278,121858,118172,115046,113473,111120,102329,92755
7/10/2014,82882,78086,74678,72938,72849,76062,82268,89007,94503,99781,104886,108288,111468,113869,114979,115463,115606,114929,112160,108649,106813,105273,97210,88666
7/11/2014,79362,75146,72137,70572,70856,73848,80364,86694,91907,97575,102909,106819,109746,113165,114600,114991,115002,114558,112097,108285,106146,103931,96083,87848
7/12/2014,80544,75773,72170,69788,68428,68530,69477,73883,81875,90128,97134,102531,105673,108495,110726,112391,112760,112658,110584,106455,104567,103943,96795,89128
7/13/2014,83333,77883,74392,72050,70816,70018,70130,74425,81956,90067,97678,103802,109125,112762,114933,116468,117385,117260,115661,112189,110947,109267,101868,93537
7/14/2014,86232,81198,78024,76571,76884,80304,86310,94568,100903,107868,114322,120373,123776,125675,126583,127021,127253,125663,122085,118107,116455,112940,104870,95184
7/15/2014,86017,80938,77747,75825,76067,79203,85978,93277,98278,103694,108519,112869,114480,116462,116822,116939,116277,113533,111120,107898,106580,104211,97255,88324
7/16/2014,79437,74872,72057,70241,70786,73799,79660,86768,90978,94847,98260,101159,103362,105415,106946,108275,109036,108063,105039,102172,100174,98663,91832,83058
7/17/2014,74384,70136,66523,65191,65914,69791,75921,83543,88116,92903,97153,100633,103263,106223,108119,109589,109827,109042,106703,103250,101517,100158,92999,83385
7/18/2014,74826,70047,67530,66493,66853,69259,75037,82102,87050,91986,97207,100744,103842,106604,108547,109779,110104,109512,106581,102776,100336,98635,91254,83119
7/19/2014,74184,69895,67024,65103,64878,64961,65842,70870,77618,83415,87860,91152,93021,94519,95777,97363,98013,98180,96329,93810,92661,91481,86793,80085
7/20/2014,72171,68998,65413,63958,63361,63002,63526,66578,72610,79115,84614,89085,92503,95231,98281,100401,102131,102723,101699,98422,98074,97437,91072,83452
7/21/2014,78397,74028,71520,70189,70872,74608,80460,88173,94284,99917,105419,110459,114069,118272,120696,122627,123067,122438,120113,115938,113914,111514,102144,92749
7/22/2014,86546,81264,77857,76092,76414,79661,85320,92947,98996,105466,113206,119539,124193,128458,131192,132790,133190,132869,129729,125584,124051,120510,109628,100150
7/23/2014,90995,85766,82107,79779,79646,82648,88188,95507,102094,108528,116383,121838,126135,128851,130251,130685,130507,128667,124733,120234,118313,114139,105948,96221
7/24/2014,86372,80995,77439,75270,75294,78244,84036,89537,93751,98354,102074,104867,106782,108831,110097,110419,110926,109664,106322,103274,102192,100327,92910,84898
7/25/2014,76532,71977,69123,67871,68278,70776,76782,82998,87751,92914,97578,101356,103888,106964,109241,110604,111121,110649,107535,103515,101753,99878,93090,84676
7/26/2014,77554,73371,69746,67574,66934,67015,68152,72949,80933,88951,95700,100081,103045,106712,109304,112721,113391,113315,111032,107459,106023,104275,98098,90168
7/27/2014,82539,77367,73986,71562,70270,69657,69572,73512,80818,88698,94916,99782,104578,107542,109393,110793,111565,111600,110264,107265,106431,104708,98146,90045
7/28/2014,81239,76913,73912,72494,73154,76225,81993,88739,93931,99157,104284,107860,110505,112095,112779,113169,112942,111702,108318,104509,102744,100060,93083,84028
7/29/2014,73684,69503,67017,65809,66819,69249,75400,81467,85860,89773,94181,96926,99021,101160,102501,103539,104407,103558,101232,97636,97314,94998,88205,79839
7/30/2014,71461,67162,64507,63847,64378,67797,74906,82247,86735,90989,95183,98478,100778,103041,105629,106821,107685,107012,104451,100653,100153,98262,91012,81871
7/31/2014,74542,69823,67362,65615,66029,69555,75326,82075,87374,92103,97845,101653,104477,107286,109162,110576,111149,110801,108661,104440,104640,102350,94230,85728
8/1/2014,79236,74549,71642,70113,70735,74111,80046,85232,90329,94946,99834,103873,105917,108115,109641,109690,110193,109098,105799,102001,100346,98020,91692,84698
8/2/2014,76903,72210,69338,67362,66307,66828,68168,71619,77472,83123,87854,90942,92678,93954,95112,95710,96661,96521,94900,92723,92816,91136,86080,79635
8/3/2014,73963,68818,66043,63856,63015,62818,63326,65617,72311,78510,83685,88808,91729,94168,96559,99697,100630,100825,100006,97791,97638,95535,89903,82271
8/4/2014,76788,72413,69948,68541,69057,72586,79078,85419,91101,97045,102911,107985,111725,115482,118069,118889,119338,119162,115819,112622,112254,107713,99058,89556
8/5/2014,81980,77220,73614,71866,72542,75836,81865,88119,93855,99815,106412,111260,115642,119542,121382,122474,122911,121849,117658,113519,113464,110182,100360,90923
8/6/2014,82057,77037,74021,72320,72346,75358,81445,87277,92739,98401,105494,109560,112551,115607,116530,116931,116949,115605,112517,108669,107994,104511,96785,87442
8/7/2014,78844,74162,71101,69183,69645,72737,78667,83856,88847,93778,98521,102073,105793,108723,111797,113094,113187,112550,109556,105523,104163,101301,93741,84819
8/8/2014,77486,73285,70382,68393,68934,72069,77488,82929,88154,92955,98139,101119,104984,107941,109777,111161,111484,110422,107139,102627,101782,98917,92194,84163
8/9/2014,74749,69999,66788,65070,64723,64935,65998,70171,77337,83705,89483,93455,96096,98582,100497,101946,102395,102112,99640,96836,96240,94268,88553,81427
8/10/2014,74971,70595,67151,64810,63852,63697,63722,66521,73850,80651,86731,92159,95898,98771,101588,103574,105277,105581,103775,100844,100568,98429,91326,83886
8/11/2014,78070,73449,70748,69385,69881,73557,80027,85755,91490,96503,102303,106512,109850,112242,113739,114372,114685,113778,110577,106786,108207,104198,95815,87571
8/12/2014,79739,75179,72092,70627,71328,75318,82390,87720,91744,95279,99287,101398,103342,105281,106950,107423,107872,106599,103374,101199,102411,99275,91964,83904
8/13/2014,77510,73579,70960,69446,70000,73320,79895,85801,90055,94632,98991,101575,104580,108407,110070,110756,111426,110250,107041,103089,104473,100390,92094,83697
8/14/2014,73567,69829,67003,65510,66100,69274,76069,81998,86025,90122,94061,96420,99301,101702,103809,104642,105189,104544,100847,97359,98144,95059,87671,79349
8/15/2014,69784,65893,63748,62952,63445,65754,72387,77959,82787,86475,90722,93649,95879,98184,99587,100578,101476,100718,97095,93713,94006,91203,83945,75930
8/16/2014,69884,66198,63575,62825,62383,63059,63669,66079,72556,77839,82936,87280,90645,93020,95359,97784,99116,99335,97346,94128,94460,92304,86113,80074
8/17/2014,73478,69037,66285,64448,63678,63291,63784,65980,72840,79124,85007,89636,93960,97483,100636,102678,104063,104185,102311,99755,100643,98076,90301,83576
8/18/2014,76917,72503,69791,68462,69199,72705,79769,85274,90945,96078,101258,105258,109364,112389,114951,115363,115966,114780,112016,108488,110128,104202,95438,87462
8/19/2014,79872,75979,73078,71502,71996,75662,82707,88311,92440,97419,103700,107044,110755,115044,118069,118493,118837,118344,114939,111033,112733,106561,98389,89302
8/20/2014,82485,77911,74953,73167,73330,77050,83689,89117,94130,99273,105909,110468,114096,118199,121291,122238,122582,121978,117905,114295,115751,109520,100585,90909
8/21/2014,83956,79517,76488,74602,74918,78824,85909,91273,96113,101139,107389,112011,115849,119255,121118,122401,122900,121848,118010,114808,115596,110595,102175,92892
8/22/2014,86872,81871,78646,76767,76963,80414,87097,91743,96538,101736,108344,111794,115796,119255,120551,120619,120861,119363,115885,112028,112352,107650,99751,91109
8/23/2014,82736,78009,74855,72413,71506,72117,73681,76041,81965,88028,93004,96730,99878,101899,103670,104560,105257,104972,102456,100274,100719,96949,90478,83556
8/24/2014,75613,72006,68330,66273,65412,65317,66122,67648,74414,80949,86102,91135,95471,98276,101158,103255,105453,105470,103486,100544,101857,98380,90159,83179
8/25/2014,77466,73743,71265,69923,70217,73763,81629,86601,92253,98127,105309,109510,114164,117798,120462,121969,122429,121788,117876,114072,114262,109265,99739,90508
8/26/2014,82146,77600,74261,72526,72680,76337,83960,89078,93787,99414,106771,110887,114664,119102,122240,123748,124542,123810,119673,115906,116370,110681,101156,91286
8/27/2014,83161,78424,74627,72625,72833,76390,84384,89307,94798,100604,107110,112222,117334,120862,123469,124470,124933,123808,119773,116057,116835,110338,101055,91896
8/28/2014,82826,77842,74458,72393,72585,76051,83201,87591,92290,97454,102492,105692,109295,112163,114409,115415,115712,115236,111001,107484,107994,102413,94334,85428
8/29/2014,77740,74145,70978,69509,70161,73030,80644,84896,89256,94092,99670,103691,107135,110272,113535,115051,115586,114758,110915,107417,107153,102633,95205,86711
8/30/2014,78108,73643,70691,68804,68185,68526,69888,72462,78726,85596,91874,97037,101528,104807,107244,109443,110354,109842,107157,104510,103379,100152,93799,86402
8/31/2014,81298,76554,72862,70269,69393,69367,69945,72408,79243,85783,92854,98476,103821,107415,109970,111543,112125,112027,110602,108619,107878,104117,97286,90658
9/1/2014,83135,79051,76002,73294,72425,72445,74098,76220,82787,89450,97067,103313,108505,112320,115917,117618,118763,117751,114278,114125,113962,106319,99070,90853
9/2/2014,85452,81222,78000,75927,76261,80361,89098,95148,100822,107136,114249,119691,124556,128811,131609,132721,133236,131207,126091,123544,123147,115767,105600,94720
9/3/2014,85659,81505,78432,76628,76932,80657,90400,93656,98166,103607,109959,114085,117560,121370,125009,127214,127838,126530,121161,118606,117933,111079,102053,92175
9/4/2014,83393,78566,75967,74484,74772,78687,88508,92762,96882,102538,108597,113835,117779,122278,125652,127318,127726,127083,123330,120476,119832,112131,103067,93367
9/5/2014,86643,81337,78363,76537,76893,80594,90475,95005,99526,104953,111557,116299,120911,124422,126147,127025,126981,125461,121461,117649,116909,110924,102213,92599
9/6/2014,84423,79781,76330,73882,72916,73767,76236,78967,86106,92972,99482,103943,107199,108908,109888,110205,110294,108100,104734,103024,101622,97267,90740,83525
9/7/2014,73552,69588,66180,63772,62632,63047,63897,66736,73087,77704,81491,84193,86882,89171,90430,92614,93791,93286,91768,93601,93185,88247,81990,75674
9/8/2014,71395,68340,66258,65582,66410,70779,80253,84754,88413,91472,94593,97138,99083,100750,101782,102466,102847,102213,99964,99933,99139,95120,88259,79766
9/9/2014,74479,70772,68761,67717,68801,73506,82929,86499,89956,93107,96352,98772,100777,102340,103758,104760,104935,104571,102635,103230,102984,96767,88935,80035
9/10/2014,76001,72917,70864,69767,70604,74647,84756,87993,91630,95361,99277,102867,106322,108927,110724,111345,111875,110843,108649,109022,108804,102381,94041,85474
9/11/2014,79569,75622,73022,71800,72565,76856,87054,90669,93535,98428,103116,106995,110056,112291,114097,114687,115110,112636,109608,109376,108948,101974,92567,84293
9/12/2014,73998,70325,67697,66609,67297,71050,80778,83104,86050,88637,90716,92263,93235,93936,94155,94912,95310,93600,90735,92234,91542,86948,80003,73856
9/13/2014,68314,65357,63395,62318,62571,63735,65663,68146,73397,77825,79911,81366,82281,82181,82152,82783,83145,82654,82146,83965,84007,80605,75627,70093
9/14/2014,64410,61111,58714,57650,57755,58367,59612,61324,66745,70582,72703,74055,75213,76081,76787,78805,80158,80364,80467,83217,83667,78965,73319,68173
9/15/2014,65289,62620,61164,60796,62761,67160,77740,80979,83526,86152,88278,89722,90939,92416,93035,93537,93820,93446,91990,93673,93277,88877,81461,75312
9/16/2014,68940,65827,64424,63758,65115,69580,79623,83010,84695,87115,89730,90420,91128,92113,92512,92842,92855,92221,90905,93774,93228,87467,80044,72646
9/17/2014,67843,64994,63337,62467,63950,68741,79193,82636,84318,85810,87810,88164,89116,90508,90806,91303,91394,90537,89331,91461,91506,85937,79145,72203
9/18/2014,67330,64486,63069,62300,63663,68218,78940,82093,84233,85842,88304,89016,89842,90675,91206,91399,91661,90381,88720,92294,92032,85944,78901,72121
9/19/2014,67256,64769,63157,62469,63674,67922,78029,80715,82442,84474,86778,87648,88329,89726,89632,90110,90206,88731,87501,90071,89024,83837,77322,71285
9/20/2014,67672,64748,62761,61746,61624,62703,64892,67833,72993,77844,81996,83571,85127,86125,86939,87825,89064,88944,88286,90180,89717,85291,80486,73886
9/21/2014,69164,65577,63216,61915,62162,62828,64365,66846,71409,76399,80523,83706,86119,88236,89218,90119,90924,91000,90559,92352,91457,86358,80844,74100
9/22/2014,68800,65906,64003,63431,64649,68738,78225,81349,84071,85687,87572,88301,88980,89996,89734,90043,90062,88629,87913,90442,90058,84953,78293,72448
9/23/2014,65571,63331,61847,61810,63476,68473,78042,80909,81735,83275,85202,85698,85675,86753,86777,86794,87288,86134,85270,89472,88981,83684,76486,70823
9/24/2014,65652,62996,61795,61439,62934,67666,77346,80351,81738,82492,84322,85325,86221,87441,87905,88005,88454,87546,86385,90335,89926,84363,77159,71528
9/25/2014,67032,64363,62882,62580,63767,69529,79761,82208,84003,85280,87002,88078,88254,89332,89501,89170,89483,89551,88617,91691,90355,85438,79293,72590
9/26/2014,68166,65533,64071,63415,64556,69150,79243,82620,84393,86552,88771,89770,90861,92317,92716,93073,93256,92533,90130,92055,90395,86053,79892,73142
9/27/2014,66370,63933,62067,60907,60834,62006,64799,67311,71668,75825,78672,80660,82456,83590,84696,85731,86585,86476,85344,87398,86092,82130,76947,71248
9/28/2014,65495,62179,60298,59124,59134,59603,60662,62540,67782,72010,76319,79504,81514,83027,85521,87114,88333,88429,87041,88673,88246,83004,77316,71516
9/29/2014,66387,63738,62046,61465,62670,67900,77844,81783,83808,86659,89462,91610,93302,94304,94926,95722,96259,94715,93471,96294,94981,89395,81774,74976
9/30/2014,68571,65682,64298,63367,64538,69663,80408,82565,83524,85497,88083,90092,91113,92796,93371,93557,93316,92029,90661,94379,92858,86578,79595,73356
10/1/2014,67338,65021,63741,63267,64086,69263,81245,82959,84113,85472,87831,89063,89624,90624,89974,90022,90031,89500,89082,92678,91038,86027,79240,73068
10/2/2014,67584,65062,63471,62876,64115,69018,80798,82643,83745,85770,88168,89598,91021,92534,92701,92806,92890,92668,91659,94900,93915,88115,81293,74891
10/3/2014,69300,66231,64506,63897,65043,70234,81225,84109,85426,87626,89149,89776,90708,91402,90779,90078,90445,89176,88406,91237,89246,84752,78574,72186
10/4/2014,66107,63629,62125,61202,61284,63111,65406,69074,73196,77018,78422,79217,78447,77759,77035,76310,76416,76827,78602,81183,79899,76826,72021,67303
10/5/2014,65251,62517,61353,60768,61209,62720,65556,68699,71686,73754,73748,73610,73513,72438,71692,71826,72861,74853,78660,80754,79566,76654,72576,67672
10/6/2014,65216,63012,62199,62194,63952,69409,80662,84926,85309,85729,86171,86263,86327,86360,85875,85489,85388,85508,87347,90021,88206,84184,78256,71211
10/7/2014,66645,64258,63158,62835,64165,69420,80324,84056,83804,85980,87215,87441,86970,87579,86657,86541,86164,86186,88729,90575,89145,84186,78648,72112
10/8/2014,67670,65370,63779,63363,64715,69847,80633,83670,83808,85075,86517,87339,87812,87951,87196,87412,86662,86490,88567,90448,88626,83918,77481,71296
10/9/2014,67099,63934,62392,62223,63539,69556,79453,82728,83335,84284,85109,85810,85707,85381,85296,84877,84719,84457,87642,89673,87795,82992,76996,70603
10/10/2014,66178,63438,62151,62086,63431,69021,79698,82735,82846,85540,86758,86898,85705,85176,84966,84228,83977,83795,86823,87883,85552,81590,76036,69655
10/11/2014,65526,62745,61447,60583,60608,62902,65894,68801,73413,75817,77346,77747,76344,75129,74228,74014,74315,74860,77838,79844,78663,75528,72201,67247
10/12/2014,63928,61415,60191,59661,59804,61142,63830,67653,71871,74273,74482,74332,74157,72888,72554,72401,73619,74861,79385,81272,80453,77102,71803,67012
10/13/2014,62838,60841,59877,59558,60863,66099,76909,81464,82691,84783,85945,87031,87093,87184,87036,86592,86841,86693,89911,91259,89171,84116,77200,70910
10/14/2014,67483,65203,63770,63131,64306,70331,81922,88468,88423,90932,92089,92824,93140,93205,93143,93158,93330,93000,95102,97018,94229,89797,82948,74693
10/15/2014,69286,66011,64518,64192,65373,71221,81519,85921,85684,88083,89310,89725,89944,90516,89912,89764,89614,88558,91558,92719,89624,84359,78487,72540
10/16/2014,67280,64551,62907,62375,63423,69258,80812,85503,84723,86070,87002,87417,86804,86506,86005,86182,86116,85722,89782,90988,88345,83011,76863,70639
10/17/2014,66449,63953,62894,62562,63738,68898,79808,84556,83304,85085,86102,86392,86128,85643,84995,85229,84762,84477,87402,89464,85695,80956,74742,68653
10/18/2014,63380,61541,59841,59290,59451,61155,64505,68474,72996,76091,77673,77884,76671,75602,74764,74592,74957,75624,79622,81005,78894,75733,71832,66818
10/19/2014,64931,62383,60738,60139,60173,61642,64907,68428,72535,75172,75617,75919,75020,73928,73549,73428,74300,76484,80960,82670,81234,78018,74479,69979
10/20/2014,67040,64796,63909,64184,66578,74034,84509,87036,88733,88862,88356,87161,86207,85788,84592,84338,84400,85236,88635,89798,88546,84382,78279,71369
10/21/2014,66667,64180,62959,62645,64652,70676,80655,85219,84844,85877,86175,86047,86097,85527,84875,84074,84185,84612,88946,90136,88251,83112,76825,70967
10/22/2014,66787,64793,63652,63649,65279,71283,81026,86536,86048,86733,86973,86275,85816,84887,83950,83854,83973,84587,89029,89839,88527,83942,78424,72017
10/23/2014,67894,65297,64272,64239,66011,72275,83698,88438,86462,86537,87003,86174,85228,84505,82933,83064,83340,83725,88714,90447,87529,83129,77580,71644
10/24/2014,66871,64655,63806,63645,65226,70063,81091,85195,84586,85101,85002,83806,82190,81721,81141,80525,80802,81317,84290,85552,82966,80190,75709,70602
10/25/2014,66113,62889,61258,60652,61243,64059,67553,72145,75263,77619,78073,76733,75595,74158,72802,72227,72678,74105,78565,80404,77556,75184,71233,66499
10/26/2014,62606,60225,58448,57824,58069,59535,62008,65503,69427,72287,72651,72085,71747,70812,70105,70015,71065,73219,79775,81556,79449,77020,72326,67896
10/27/2014,63972,62465,61720,61962,63951,70419,83014,87285,86449,86789,87155,87044,86303,85627,84125,84131,84296,84737,89612,90580,88749,83790,77425,71163
10/28/2014,66879,64581,63187,63247,64565,69443,80953,86234,85089,85688,86855,86840,86635,86815,86058,85719,85499,85729,90595,90978,88676,84297,77593,71445
10/29/2014,65937,64004,62619,62142,63242,68763,80668,85506,85292,85659,86586,86389,86313,85482,84425,84268,84286,84745,89204,89649,87613,83871,77790,71541
10/30/2014,67069,64529,63411,63260,65284,70920,83812,87608,87365,86835,86817,86254,85375,84848,83803,83649,83965,84688,90451,90736,88730,84925,79184,73340
10/31/2014,70377,67915,66887,66975,69009,74504,86925,91466,90895,91004,90822,88306,87261,86266,85430,84987,85385,86176,90257,90748,88330,85457,80686,74488
11/1/2014,71068,68222,67126,66658,67223,69153,74026,78286,80962,83623,83864,82873,81250,80032,78989,78631,79569,81656,85871,85613,83724,81669,78213,73893
11/2/2014,71440,139503,68806,68687,69269,71137,74423,76822,78161,79081,78747,78393,77436,76529,75533,75763,79441,86701,88428,88095,87117,84202,80409,77278
11/3/2014,75013,73315,72612,73475,76137,84171,90694,93388,92102,91270,90235,88558,87646,86541,85446,85454,86875,93129,94442,93255,91287,87060,82522,76193
11/4/2014,71587,69512,68759,69095,70892,76815,87126,89253,88481,87511,86943,86124,84552,83780,83302,82986,84234,90576,91810,89767,87352,83565,78904,72620
11/5/2014,66772,65194,63896,63558,65785,71141,79995,84038,83804,84374,84236,83585,83275,82761,82394,82065,83580,88088,88553,87535,85571,82579,78273,72171
11/6/2014,66964,65155,64024,63888,65975,71043,79828,83723,84211,84880,86215,86109,85014,84291,83952,83945,85715,90088,90624,89286,87511,84032,78852,73525
11/7/2014,68821,67456,66402,66376,68582,74512,86314,86982,86749,87584,88508,87100,85547,84752,83744,83968,86169,91742,92072,89701,88846,86621,82457,76482
11/8/2014,74872,73269,72389,72118,72716,75651,78224,80331,82393,83223,82352,80908,79392,77572,76299,76116,79412,84758,85803,84437,83050,80707,78172,72578
11/9/2014,69753,68144,67026,66708,67299,69126,72262,74628,76942,77950,77810,76649,75445,74429,73452,73591,76841,83213,84453,83870,82988,80041,77017,72385
11/10/2014,69825,69002,68568,68999,71571,77458,87634,89624,89121,88656,87806,86017,85315,84376,83596,82918,84957,91654,93162,90507,89483,85415,79431,73355
11/11/2014,69341,68097,66976,66787,68982,73980,82662,85914,85775,85399,85591,84698,84154,83812,82938,82548,84352,89275,90249,87831,86099,83176,77592,71244
11/12/2014,69004,67552,66516,66554,68823,73732,84277,88567,88369,88397,88353,88174,88023,87197,86446,86015,88648,95225,95574,94017,93384,89544,84611,78083
11/13/2014,75256,74327,73561,73964,76364,81940,92838,95382,94256,94130,94921,93378,92187,91695,90793,90651,93304,101081,100711,99370,98414,94186,89457,83550
11/14/2014,79795,78492,77980,78405,80676,86966,98013,99775,99352,98553,98226,96515,95295,94018,92726,92550,94528,101756,102051,100687,99863,96972,92437,86370
11/15/2014,83994,82541,81334,81077,82352,85152,88864,92544,93646,92921,91591,89503,87385,85618,84259,83913,87095,93921,94273,93368,92585,90102,86940,82430
11/16/2014,79324,77828,76887,76494,77216,78572,81336,83527,85315,85793,85135,84078,82766,81574,80709,81097,84547,91068,91408,91161,90092,86986,83487,78723
11/17/2014,74511,73706,73152,73249,75659,81159,91797,97220,97282,97569,98023,97225,96407,94993,94183,93715,97406,104043,103534,102725,100856,97044,91542,84734
11/18/2014,84255,83986,83955,84778,87535,93618,104669,108277,107915,107154,106311,105672,104748,103566,102625,102636,106804,113546,113878,112967,112189,108556,103011,96481
11/19/2014,92671,92382,91768,92061,94252,100572,109440,111933,110847,109152,107066,104773,102546,101334,100171,100409,103394,109893,110323,109586,108238,103870,98961,91955
11/20/2014,87635,85592,84942,85082,87569,93213,103237,104914,104525,103193,103060,101226,99951,98657,97495,97505,100877,106309,107295,107017,106140,102830,97924,92144
11/21/2014,88192,86737,86349,87404,89660,95290,104503,107638,106120,104802,103071,101183,99246,98154,96926,97130,100414,106686,107457,106421,105279,102136,97412,91265
11/22/2014,87359,85414,84416,83982,85187,87244,91451,93904,93991,93187,91213,88799,86505,84094,83020,83032,86363,92732,92248,91250,89939,88006,83927,79064
11/23/2014,75562,73992,72887,72473,73321,74961,77795,80360,82362,82628,82113,80879,79494,78536,78336,78890,82875,88257,88177,87295,86116,82794,78162,72870
11/24/2014,67306,65802,64919,64938,66177,71580,82929,87639,88495,88898,90214,89559,89167,89074,88541,88098,90469,95396,95255,94772,92743,89021,82699,76076
11/25/2014,71183,69853,68518,68475,70435,76083,86521,91370,92176,92576,93111,92593,91951,91446,90745,90438,92978,97393,97786,97409,96102,92947,87569,80407
11/26/2014,75544,74568,73483,73764,75941,81652,91857,96309,97817,99207,99665,99209,98645,98173,97405,97527,100213,103265,103341,102587,101843,97042,91848,85605
11/27/2014,79944,78461,77343,76495,77841,80112,84922,88636,90717,92123,92087,90549,87993,85351,83627,83242,85288,91550,92174,91906,91351,89543,86535,81676
11/28/2014,79627,78854,78142,78576,80476,83934,89289,92019,92811,92182,91692,90336,89097,87875,87007,87247,90930,96171,97167,96682,95959,93266,89540,84068
11/29/2014,82361,81313,79992,79485,80511,82844,86833,90018,92080,92158,90512,87713,85381,83467,82140,82109,86492,92225,91288,90558,88959,86388,83180,77556
11/30/2014,73301,72050,70995,70374,70960,72305,74404,76687,79443,80627,80452,79636,78864,77552,76814,76871,82062,89028,87770,87308,85841,82468,78217,72920
12/1/2014,69426,68648,67728,68260,70577,75896,86292,90346,91344,91759,91982,91644,90789,90268,89525,89619,92834,97995,98124,97747,96615,92953,88469,81288
12/2/2014,76474,75463,74704,75243,77529,83029,93653,99191,99265,100786,100304,99646,98766,97940,96810,96741,100374,104875,104611,103267,101880,96177,90800,83225
12/3/2014,77643,76022,74681,74515,76439,81855,91644,95666,95488,95363,95597,94304,92646,92004,90887,91071,93465,99969,99615,98690,96522,93202,88380,81080
12/4/2014,79797,78921,78213,78596,80827,86442,97212,100411,100485,99916,99312,97822,96536,95688,94544,94456,97534,102358,102532,102392,101721,98775,93151,85220
12/5/2014,80726,79190,77599,77502,79357,84486,95169,99337,98681,99561,98548,97320,95748,94457,93486,93740,96170,101406,100118,98033,95830,92415,86951,79313
12/6/2014,73914,71927,70025,69570,70286,72911,77268,82188,86314,88834,88229,87997,86680,85443,83828,83669,87694,93614,91605,90599,88860,86511,82365,76412
12/7/2014,74529,73137,72064,71877,72862,74625,78048,82524,85072,87239,87496,86913,85838,84999,83636,84709,89701,97011,98054,98153,96662,93320,88708,83290
12/8/2014,82369,80662,80138,80521,83174,89104,101074,105211,104834,105274,105365,102863,101178,99585,98989,99067,103227,109294,109137,107735,105301,100316,94392,85996
12/9/2014,81372,79787,78376,78473,80528,86511,98061,103412,102677,104368,103712,101967,100406,99295,98147,98335,101481,107733,107432,105397,103203,98974,93036,85738
12/10/2014,81889,79841,78850,79169,81544,87422,98128,102990,102938,103445,103498,103383,101384,100304,99243,99360,102383,109491,109440,108616,108184,103482,97537,89662
12/11/2014,84770,83451,82640,82943,85459,92011,102940,105849,105391,104692,103897,101863,99779,98579,97202,97019,101717,109771,109578,108738,107715,103098,96921,89988
12/12/2014,85649,84296,83386,83533,85654,91818,102881,105607,105039,104271,102772,100969,99195,98101,96782,96307,100911,107341,105827,104777,103244,99927,94818,88003
12/13/2014,84628,82527,81148,80726,81624,84541,88676,91769,94164,95894,94118,92054,89892,88285,86632,86720,91428,98899,97642,97074,95475,93302,89061,83347
12/14/2014,79704,77373,75731,75497,76199,78545,81580,84130,86694,88017,87112,85535,84032,82849,81697,81982,87380,96846,95276,95137,94329,91177,86091,80732
12/15/2014,77430,75932,75018,75294,77717,83511,94389,99424,97786,97681,96577,94946,93207,92453,91476,91516,95726,102840,102935,101967,100431,96295,90266,83073
12/16/2014,77862,76071,74671,74917,77142,82834,94320,98097,97021,97223,96898,95991,94717,93946,93232,93142,97289,105370,103248,102215,100653,96246,89876,81390
12/17/2014,78121,76163,75130,75333,77494,83364,95145,99801,98438,98299,97611,96826,95180,94636,94022,94230,98754,106462,106766,106274,104979,101088,95586,87942
12/18/2014,84427,82622,81743,82244,84420,90378,101879,105430,103349,102628,101409,99664,97840,97120,96594,96752,100646,108378,107463,107503,107303,103090,97654,90752
12/19/2014,86337,84319,83423,83803,85993,91926,100963,105135,105167,103963,102102,100492,98439,97176,96127,96169,99327,107459,107256,106431,105308,101880,96882,90208
12/20/2014,86268,84026,82501,82311,83218,85903,89904,93628,96485,97584,96487,94855,93089,91517,90054,90220,94558,101317,100826,99729,99456,97018,93341,87990
12/21/2014,83829,81052,79214,78937,79596,81847,85505,89346,91657,92910,91654,89750,87920,86622,85641,86096,90916,101013,100567,100251,99914,97180,92189,86326
12/22/2014,83397,82258,80979,81764,83976,89273,98991,104158,104332,104574,103876,102275,100660,99563,98895,98863,102499,109007,107537,106117,104127,100238,94462,86351
12/23/2014,79160,76729,75191,75413,76937,81617,91369,96944,97287,97748,97872,97195,95617,94346,92795,92612,96012,102620,101202,99791,97943,93681,87220,80109
12/24/2014,71894,69623,67987,67299,68362,71301,76972,82059,84220,86741,87232,86483,84654,83954,82452,82391,85461,92362,90597,88667,86695,83635,79921,75431
12/25/2014,70148,67874,66441,66226,66853,69293,72673,75896,78783,80569,81042,80669,79134,78274,77570,77617,80345,88965,88294,88025,88185,85939,81952,77923
12/26/2014,75437,73409,72002,72424,73534,78235,86067,89921,92129,92684,91829,89601,87509,86085,85206,84892,87575,95129,94620,93917,92484,89686,85384,80736
12/27/2014,77371,75399,73821,73653,74412,76691,79889,82710,85472,86824,86217,84474,82367,80058,78719,78348,81510,89462,88709,87756,86849,84658,81444,76520
12/28/2014,73314,70992,69706,69382,69618,70930,73122,76725,79945,83036,83447,83530,83308,82668,82138,82401,86441,94984,95254,93782,92214,88596,84596,79728
12/29/2014,76221,74232,73111,73741,76229,81461,90684,96725,97978,99862,100013,99005,97517,96767,95603,95464,98943,105951,106161,105279,103537,100281,94646,88277
12/30/2014,82200,80016,79097,79460,81399,86427,94967,100048,101155,101424,101791,100938,99294,98477,97487,97572,101177,108596,109156,107801,106619,103439,98614,92307
12/31/2014,87746,85972,85108,85514,87562,92236,99454,104114,104803,104984,104680,103467,101157,99598,98198,98020,101000,109943,110768,108824,106847,103969,99056,93756
